symbol,price
ETHBTC,0.0594
LTCBTC,0.00234
BNBBTC,0.00769
NEOBTC,0.0002577
QTUMETH,0.001361
EOSETH,0.0003494
SNTETH,0.00001411
BNTETH,0.0002402
BCCBTC,0.079081
GASBTC,0.0000832
BNBETH,0.1295
BTCUSDT,27695.43
ETHUSDT,1645.33
HSRBTC,0.000414
OAXETH,0.0001778
DNTETH,0.00002801
MCOETH,0.005772
ICNETH,0.001663
MCOBTC,0.0002114
WTCBTC,0.00000548
WTCETH,0.000237
LRCBTC,0.00000635
LRCETH,0.00010693
QTUMBTC,0.0000811
YOYOBTC,0.00000008
OMGBTC,0.0000308
OMGETH,0.000791
ZRXBTC,0.00000657
ZRXETH,0.0000994
STRATBTC,0.00003085
STRATETH,0.001053
SNGLSBTC,0.00000013
SNGLSETH,0.00005306
BQXBTC,0.00008703
BQXETH,0.0012635
KNCBTC,0.00002333
KNCETH,0.0003941
FUNBTC,0.00000029
FUNETH,0.00000267
SNMBTC,0.00000057
SNMETH,0.00004986
NEOETH,0.004336
IOTABTC,0.0000055
IOTAETH,0.0000926
LINKBTC,0.0002775
LINKETH,0.00467
XVGBTC,0.00000015
XVGETH,0.00000208
SALTBTC,0.0000425
SALTETH,0.001138
MDABTC,0.00000382
MDAETH,0.0018115
MTLBTC,0.00004487
MTLETH,0.0006834
SUBBTC,0.00000457
SUBETH,0.00012334
EOSBTC,0.0000208
SNTBTC,0.00000083
ETCETH,0.00952
ETCBTC,0.000565
MTHBTC,0.00000023
MTHETH,0.00004135
ENGBTC,0.000062
ENGETH,0.0018648
DNTBTC,0.00000186
ZECBTC,0.000984
ZECETH,0.01654
BNTBTC,0.00001424
ASTBTC,0.00000317
ASTETH,0.0000696
DASHBTC,0.000976
DASHETH,0.01645
OAXBTC,0.0000058
ICNBTC,0.00005742
BTGBTC,0.000913
BTGETH,0.052745
EVXBTC,0.00000274
EVXETH,0.0006249
REQBTC,0.00000229
REQETH,0.00004995
VIBBTC,0.00000165
VIBETH,0.0000345
HSRETH,0.012474
TRXBTC,0.00000323
TRXETH,0.00005431
POWRBTC,0.0000054
POWRETH,0.000091
ARKBTC,0.00001679
ARKETH,0.001046
YOYOETH,0.00005828
XRPBTC,0.00001906
XRPETH,0.0003207
MODBTC,0.0000428
MODETH,0.001167
ENJBTC,0.00000815
ENJETH,0.0001373
STORJBTC,0.00001532
STORJETH,0.0002991
BNBUSDT,212.9
VENBNB,0.1492
YOYOBNB,0.000598
POWRBNB,0.00385
VENBTC,0.00013928
VENETH,0.00325194
KMDBTC,0.00000801
KMDETH,0.0002097
NULSBNB,0.01257
RCNBTC,0.00000074
RCNETH,0.00037604
RCNBNB,0.003473
NULSBTC,0.00000638
NULSETH,0.00051926
RDNBTC,0.00000447
RDNETH,0.0007153
RDNBNB,0.00623
XMRBTC,0.005416
XMRETH,0.0911
DLTBNB,0.0024
WTCBNB,0.001805
DLTBTC,0.00000071
DLTETH,0.00016807
AMBBTC,0.00000035
AMBETH,0.000041
AMBBNB,0.000685
BCCETH,2.47246
BCCUSDT,448.7
BCCBNB,54.29
BATBTC,0.00000628
BATETH,0.0001063
BATBNB,0.001831
BCPTBTC,0.00000048
BCPTETH,0.00008181
BCPTBNB,0.001162
ARNBTC,0.00000761
ARNETH,0.00029362
GVTBTC,0.00001792
GVTETH,0.003846
CDTBTC,0.00000317
CDTETH,0.00005119
GXSBTC,0.00004581
GXSETH,0.0006246
NEOUSDT,7.15
NEOBNB,0.03342
POEBTC,0.00000005
POEETH,0.00000664
QSPBTC,0.00000076
QSPETH,0.00002249
QSPBNB,0.0005235
BTSBTC,0.00000043
BTSETH,0.00009498
BTSBNB,0.001448
XZCBTC,0.0001355
XZCETH,0.0031
XZCBNB,0.2675
LSKBTC,0.00002657
LSKETH,0.000448
LSKBNB,0.06494
TNTBTC,0.00000261
TNTETH,0.0000092
FUELBTC,0.00000026
FUELETH,0.00002221
MANABTC,0.00001073
MANAETH,0.0001802
BCDBTC,0.00001351
BCDETH,0.00251
DGDBTC,0.003931
DGDETH,0.1926
IOTABNB,0.000717
ADXBTC,0.00000504
ADXETH,0.0000847
ADXBNB,0.004929
ADABTC,0.00000933
ADAETH,0.0001569
PPTBTC,0.00001855
PPTETH,0.00141
CMTBTC,0.00000028
CMTETH,0.00000625
CMTBNB,0.000577
XLMBTC,0.00000404
XLMETH,0.0000678
XLMBNB,0.0005243
CNDBTC,0.00000006
CNDETH,0.00002599
CNDBNB,0.0003399
LENDBTC,0.00004512
LENDETH,0.00137174
WABIBTC,0.0000003
WABIETH,0.00040308
WABIBNB,0.0002413
LTCETH,0.03936
LTCUSDT,64.78
LTCBNB,0.304
TNBBTC,0.00000007
TNBETH,0.00000752
WAVESBTC,0.0000552
WAVESETH,0.000922
WAVESBNB,0.00513
GTOBTC,0.00000077
GTOETH,0.00003197
GTOBNB,0.000352
ICXBTC,0.00000612
ICXETH,0.0001179
ICXBNB,0.004654
OSTBTC,0.00000032
OSTETH,0.00000225
OSTBNB,0.000525
ELFBTC,0.00001255
ELFETH,0.000211
AIONBTC,0.00000139
AIONETH,0.00002645
AIONBNB,0.002613
NEBLBTC,0.000012
NEBLBNB,0.01356
BRDBTC,0.00000127
BRDETH,0.00001688
BRDBNB,0.00247
MCOBNB,0.26837
EDOBTC,0.00005609
EDOETH,0.002266
WINGSBTC,0.00001193
WINGSETH,0.0003346
NAVBTC,0.00000277
NAVETH,0.0001187
NAVBNB,0.004237
LUNBTC,0.0000851
LUNETH,0.004891
TRIGBTC,0.0000198
TRIGETH,0.000594
TRIGBNB,0.01218
APPCBTC,0.00000055
APPCETH,0.000146
APPCBNB,0.001891
VIBEBTC,0.00000042
VIBEETH,0.0000572
RLCBTC,0.00003707
RLCETH,0.000624
RLCBNB,0.03344
INSBTC,0.00000618
INSETH,0.000501
PIVXBTC,0.0000066
PIVXBNB,0.0166
IOSTBTC,0.00000025
IOSTETH,0.00000427
CHATBTC,0.00000195
CHATETH,0.00006585
STEEMBTC,0.00000622
STEEMETH,0.0001051
STEEMBNB,0.00448
NANOBTC,0.0000628
NANOETH,0.000905
NANOBNB,0.05589
VIABTC,0.00000681
VIAETH,0.000856
VIABNB,0.00958
BLZBTC,0.00000484
BLZETH,0.00004159
BLZBNB,0.0006219
AEBTC,0.00000292
AEETH,0.000219
AEBNB,0.00777
RPXBTC,0.00000224
RPXETH,0.00005449
RPXBNB,0.001457
NCASHBTC,0.00000005
NCASHETH,0.00000013
NCASHBNB,0.0000679
POABTC,0.00000041
POAETH,0.00004891
POABNB,0.000921
ZILBTC,0.00000061
ZILETH,0.00001017
ZILBNB,0.00007879
ONTBTC,0.00000601
ONTETH,0.0001253
ONTBNB,0.002462
STORMBTC,0.00000035
STORMETH,0.00001398
STORMBNB,0.0000655
QTUMBNB,0.09597
QTUMUSDT,2.241
XEMBTC,0.00000192
XEMETH,0.00003593
XEMBNB,0.002441
WANBTC,0.00000665
WANETH,0.0001115
WANBNB,0.00181
WPRBTC,0.00000027
WPRETH,0.0000402
QLCBTC,0.00000021
QLCETH,0.00000603
SYSBTC,0.00000307
SYSETH,0.00011047
SYSBNB,0.001635
QLCBNB,0.000922
GRSBTC,0.00001649
GRSETH,0.00076455
ADAUSDT,0.2584
ADABNB,0.001212
CLOAKBTC,0.0001555
CLOAKETH,0.004142
GNTBTC,0.00000678
GNTETH,0.00022071
GNTBNB,0.002439
LOOMBTC,0.00000466
LOOMETH,0.00003231
LOOMBNB,0.000885
XRPUSDT,0.5277
BCNBTC,0.00000022
BCNETH,0.00000707
BCNBNB,0.00002
REPBTC,0.0003413
REPBNB,0.4467
BTCTUSD,27728.34
TUSDBTC,0.00025971
ETHTUSD,1647.33
TUSDETH,0.00762097
TUSDBNB,0.06777
ZENBTC,0.0002906
ZENETH,0.004889
ZENBNB,0.0329
SKYBTC,0.00000829
SKYETH,0.00222
SKYBNB,0.03022
EOSUSDT,0.575
EOSBNB,0.002681
CVCBTC,0.00000566
CVCETH,0.0000993
CVCBNB,0.002112
THETABTC,0.00002227
THETAETH,0.0003768
THETABNB,0.002906
XRPBNB,0.002478
TUSDUSDT,0.9989
IOTAUSDT,0.1525
XLMUSDT,0.1116
IOTXBTC,0.00000062
IOTXETH,0.00001053
QKCBTC,0.00000028
QKCETH,0.00000481
AGIBTC,0.00000668
AGIETH,0.00007363
AGIBNB,0.000772
NXSBTC,0.00000284
NXSETH,0.000773
NXSBNB,0.01087
ENJBNB,0.001368
DATABTC,0.00000086
DATAETH,0.00002034
ONTUSDT,0.1666
TRXBNB,0.0004194
TRXUSDT,0.08935
ETCUSDT,15.68
ETCBNB,0.0736
ICXUSDT,0.1701
SCBTC,0.00000017
SCETH,0.00000181
NPXSBTC,0.00000003
NPXSETH,0.00000345
VENUSDT,0.0001
KEYBTC,0.00000013
KEYETH,0.00000227
NASBTC,0.00000228
NASETH,0.00004047
NASBNB,0.02337
MFTBTC,0.00000008
MFTETH,0.00000433
MFTBNB,0.00001485
DENTBTC,0.00000004
DENTETH,0.00000038
ARDRBTC,0.0000024
ARDRETH,0.0001887
ARDRBNB,0.003168
NULSUSDT,0.1765
HOTBTC,0.00000002
HOTETH,0.00000062
VETBTC,0.0000006
VETETH,0.00001014
VETUSDT,0.0167
VETBNB,0.000078
DOCKBTC,0.00000056
DOCKETH,0.00003283
POLYBTC,0.00001384
POLYBNB,0.001459
PHXBTC,0.0000018
PHXETH,0.00005617
PHXBNB,0.000456
HCBTC,0.00002
HCETH,0.005134
GOBTC,0.00000043
GOBNB,0.0006923
PAXBTC,0.00025175
PAXBNB,0.20121
PAXUSDT,0.9996
PAXETH,0.00888047
RVNBTC,0.00000053
DCRBTC,0.000471
DCRBNB,0.781
USDCBNB,0.21755
MITHBTC,0.0000008
MITHBNB,0.0000441
BCHABCBTC,0.02933
BCHSVBTC,0.011179
BCHABCUSDT,220.08
BCHSVUSDT,58.9
BNBPAX,495.1
BTCPAX,51529.15
ETHPAX,3904.41
XRPPAX,0.8896
EOSPAX,2.5845
XLMPAX,0.04221
RENBTC,0.00000159
RENBNB,0.004585
BNBTUSD,213.2
XRPTUSD,0.5284
EOSTUSD,4.1159
XLMTUSD,0.06833
BNBUSDC,212.9
BTCUSDC,27700.93
ETHUSDC,1645.18
XRPUSDC,0.4409
EOSUSDC,1.153
XLMUSDC,0.0497
USDCUSDT,0.9999
ADATUSD,0.2583
TRXTUSD,0.05986
NEOTUSD,11.818
TRXXRP,0.16927
XZCXRP,20.792
PAXTUSD,0.9995
USDCTUSD,1
USDCPAX,1.0002
LINKUSDT,7.686
LINKTUSD,28.87
LINKPAX,3.9834
LINKUSDC,7.779
WAVESUSDT,1.532
WAVESTUSD,1.072
WAVESPAX,0.8029
WAVESUSDC,1.2036
BCHABCTUSD,220.2
BCHABCPAX,221.2
BCHABCUSDC,220.3
BCHSVTUSD,59.17
BCHSVPAX,58.18
BCHSVUSDC,57.5
LTCTUSD,64.73
LTCPAX,171.13
LTCUSDC,53.22
TRXPAX,0.07661
TRXUSDC,0.05982
BTTBTC,0.00000005
BTTBNB,0.00000573
BTTUSDT,0.002777
BNBUSDS,22.2788
BTCUSDS,9604.59
USDSUSDT,0.9968
USDSPAX,1.0002
USDSTUSD,1
USDSUSDC,1
BTTPAX,0.0003866
BTTTUSD,0.00277
BTTUSDC,0.002776
ONGBNB,0.00545
ONGBTC,0.00000798
ONGUSDT,0.2211
HOTBNB,0.00000862
HOTUSDT,0.001015
ZILUSDT,0.01679
ZRXBNB,0.01045
ZRXUSDT,0.1823
FETBNB,0.001028
FETBTC,0.0000079
FETUSDT,0.219
BATUSDT,0.1741
XMRBNB,0.7048
XMRUSDT,150
ZECBNB,0.1026
ZECUSDT,27.23
ZECPAX,42.1
ZECTUSD,51.48
ZECUSDC,55.8
IOSTUSDT,0.00705
CELRBNB,0.00005294
CELRBTC,0.00000045
CELRUSDT,0.01246
ADAPAX,0.03257
ADAUSDC,0.4352
NEOPAX,11.122
NEOUSDC,28.27
DASHBNB,0.1183
DASHUSDT,27.07
NANOUSDT,2.224
OMGBNB,0.03938
OMGUSDT,0.464
THETAUSDT,0.618
ENJUSDT,0.2259
MITHUSDT,0.00345
MATICBNB,0.00264
MATICBTC,0.0000203
MATICUSDT,0.5625
ATOMBNB,0.0327
ATOMBTC,0.0002514
ATOMUSDT,6.963
ATOMUSDC,12.912
ATOMPAX,3.178
ATOMTUSD,2.598
ETCUSDC,4.71
ETCPAX,4.838
ETCTUSD,3.795
BATUSDC,0.6313
BATPAX,0.2556
BATTUSD,0.2222
PHBBNB,0.000137
PHBBTC,0.00002245
PHBUSDC,0.00587
PHBTUSD,0.229
PHBPAX,0.00639
TFUELBNB,0.0001259
TFUELBTC,0.00000119
TFUELUSDT,0.03293
TFUELUSDC,0.003565
TFUELTUSD,0.003077
TFUELPAX,0.003487
ONEBNB,0.00004434
ONEBTC,0.00000035
ONEUSDT,0.00946
ONETUSD,0.00472
ONEPAX,0.00496
ONEUSDC,0.0052
FTMBNB,0.0009402
FTMBTC,0.00000723
FTMUSDT,0.2004
FTMTUSD,0.01095
FTMPAX,0.01028
FTMUSDC,0.01107
BTCBBTC,1
BCPTTUSD,0.02606
BCPTPAX,0.02761
BCPTUSDC,0.02728
ALGOBNB,0.000465
ALGOBTC,0.00000357
ALGOUSDT,0.0991
ALGOTUSD,1.017
ALGOPAX,0.2039
ALGOUSDC,0.238
USDSBUSDT,0.9997
USDSBUSDS,0.9999
GTOUSDT,0.01233
GTOPAX,0.01361
GTOTUSD,0.01236
GTOUSDC,0.01196
ERDBNB,0.00083273
ERDBTC,0.00000168
ERDUSDT,0.01971
ERDPAX,0.0012527
ERDUSDC,0.0013573
DOGEBNB,0.0001527
DOGEBTC,0.0000022
DOGEUSDT,0.06116
DOGEPAX,0.0021682
DOGEUSDC,0.0021277
DUSKBNB,0.00118
DUSKBTC,0.00000401
DUSKUSDT,0.1111
DUSKUSDC,0.0179
DUSKPAX,0.0189
BGBPUSDC,1.39
ANKRBNB,0.0000856
ANKRBTC,0.0000007
ANKRUSDT,0.01919
ANKRTUSD,0.002128
ANKRPAX,0.002093
ANKRUSDC,0.002097
ONTPAX,0.8451
ONTUSDC,0.5708
WINBNB,0.00000029
WINBTC,0.00000001
WINUSDT,0.000063
WINUSDC,0.0000973
COSBNB,0.00002118
COSBTC,0.00000017
COSUSDT,0.00452
TUSDBTUSD,0.9975
NPXSUSDT,0.0070301
NPXSUSDC,0.0001702
COCOSBNB,0.00559
COCOSBTC,0.00000003
COCOSUSDT,1.7546
MTLUSDT,1.248
TOMOBNB,0.03255
TOMOBTC,0.00005013
TOMOUSDT,1.3872
TOMOUSDC,0.367
PERLBNB,0.0000718
PERLBTC,0.00000113
PERLUSDC,0.02447
PERLUSDT,0.01712
DENTUSDT,0.000615
MFTUSDT,0.005254
KEYUSDT,0.005093
STORMUSDT,0.003397
DOCKUSDT,0.01546
WANUSDT,0.1839
FUNUSDT,0.00441
CVCUSDT,0.0771
BTTTRX,0.03945
WINTRX,0.000699
CHZBNB,0.000286
CHZBTC,0.0000022
CHZUSDT,0.061
BANDBNB,0.02248
BANDBTC,0.00004034
BANDUSDT,1.117
BNBBUSD,213.1
BTCBUSD,27701.08
BUSDUSDT,0.9998
BEAMBNB,0.02177
BEAMBTC,0.00000716
BEAMUSDT,0.0652
XTZBNB,0.002883
XTZBTC,0.00002471
XTZUSDT,0.684
RENUSDT,0.043825
RVNUSDT,0.01482
HCUSDT,0.8423
HBARBNB,0.0002289
HBARBTC,0.00000177
HBARUSDT,0.0488
NKNBNB,0.000747
NKNBTC,0.0000031
NKNUSDT,0.0861
XRPBUSD,0.5278
ETHBUSD,1645.64
BCHABCBUSD,220.16
LTCBUSD,64.81
LINKBUSD,7.688
ETCBUSD,15.67
STXBNB,0.002305
STXBTC,0.00001772
STXUSDT,0.4911
KAVABNB,0.002898
KAVABTC,0.00002223
KAVAUSDT,0.616
BUSDNGN,462.64
BNBNGN,43608
BTCNGN,27695395
ARPABNB,0.0002043
ARPABTC,0.00000157
ARPAUSDT,0.04349
TRXBUSD,0.08938
EOSBUSD,0.576
IOTXUSDT,0.01739
RLCUSDT,1.03
MCOUSDT,2.744
XLMBUSD,0.1117
ADABUSD,0.2585
CTXCBNB,0.004122
CTXCBTC,0.00000446
CTXCUSDT,0.1235
BCHBNB,1.086
BCHBTC,0.00835
BCHUSDT,231.7
BCHUSDC,114.8
BCHTUSD,231.8
BCHPAX,617.72
BCHBUSD,231.4
BTCRUB,2788957
ETHRUB,165743.3
XRPRUB,53.03
BNBRUB,21444.38
TROYBNB,0.0000106
TROYBTC,0.00000018
TROYUSDT,0.002306
BUSDRUB,100.62
QTUMBUSD,2.537
VETBUSD,0.01671
VITEBNB,0.000707
VITEBTC,0.00000043
VITEUSDT,0.01192
FTTBNB,0.00513
FTTBTC,0.0000856
FTTUSDT,1.2364
BTCTRY,768547
BNBTRY,5912
BUSDTRY,27.76
ETHTRY,45679
XRPTRY,14.65
USDTTRY,27.76
USDTRUB,100.75
BTCEUR,26341.15
ETHEUR,1564.74
BNBEUR,202.5
XRPEUR,0.5019
EURBUSD,1.0516
EURUSDT,1.0512
OGNBNB,0.000383
OGNBTC,0.00000437
OGNUSDT,0.121
DREPBNB,0.0000938
DREPBTC,0.0000086
DREPUSDT,0.2384
BULLUSDT,1370.28
BULLBUSD,1368.56
BEARUSDT,11.16
BEARBUSD,11.14
ETHBULLUSDT,79.18
ETHBULLBUSD,78.46
ETHBEARUSDT,12.2
ETHBEARBUSD,12.24
TCTBNB,0.0004186
TCTBTC,0.00000016
TCTUSDT,0.00312
WRXBNB,0.000398
WRXBTC,0.00000455
WRXUSDT,0.0944
ICXBUSD,0.17
BTSUSDT,0.00921
BTSBUSD,0.0193
LSKUSDT,0.737
BNTUSDT,0.3953
BNTBUSD,0.3599
LTOBNB,0.00248
LTOBTC,0.00000205
LTOUSDT,0.0567
ATOMBUSD,6.966
DASHBUSD,25.83
NEOBUSD,7.14
WAVESBUSD,1.53
XTZBUSD,0.671
EOSBULLUSDT,3.85
EOSBULLBUSD,3.9
EOSBEARUSDT,30.21
EOSBEARBUSD,29.81
XRPBULLUSDT,8.74
XRPBULLBUSD,8.78
XRPBEARUSDT,548.55
XRPBEARBUSD,547.33
BATBUSD,0.1709
ENJBUSD,0.2256
NANOBUSD,2.225
ONTBUSD,0.1664
RVNBUSD,0.01525
STRATBUSD,0.4915
STRATBNB,0.019
STRATUSDT,0.4904
AIONBUSD,0.0721
AIONUSDT,0.00943
MBLBNB,0.00001202
MBLBTC,0.00000005
MBLUSDT,0.002953
COTIBNB,0.0001866
COTIBTC,0.00000143
COTIUSDT,0.0398
ALGOBUSD,0.0992
BTTBUSD,0.002778
TOMOBUSD,1.388
XMRBUSD,150
ZECBUSD,27.23
BNBBULLUSDT,57.21
BNBBULLBUSD,58.37
BNBBEARUSDT,58.61
BNBBEARBUSD,57.21
STPTBNB,0.00067
STPTBTC,0.00000238
STPTUSDT,0.06616
BTCZAR,545319
ETHZAR,32394
BNBZAR,5000
USDTZAR,19.69
BUSDZAR,19.69
BTCBKRW,42029197
ETHBKRW,1277799
BNBBKRW,44687
WTCUSDT,0.1517
DATABUSD,0.02392
DATAUSDT,0.02381
XZCUSDT,4.446
SOLBNB,0.1096
SOLBTC,0.0008442
SOLUSDT,23.37
SOLBUSD,23.39
BTCIDRT,693891182
BNBIDRT,4286985
USDTIDRT,15612
BUSDIDRT,14389
CTSIBTC,0.0000046
CTSIUSDT,0.1281
CTSIBNB,0.000597
CTSIBUSD,0.128
HIVEBNB,0.00429
HIVEBTC,0.00001099
HIVEUSDT,0.3047
CHRBNB,0.0004523
CHRBTC,0.00000348
CHRUSDT,0.0965
BTCUPUSDT,5.215
BTCDOWNUSDT,0.007902
GXSUSDT,1.7923
ARDRUSDT,0.0668
ERDBUSD,0.019661
LENDUSDT,0.51431
HBARBUSD,0.0488
MATICBUSD,0.5622
WRXBUSD,0.094
ZILBUSD,0.01676
MDTBNB,0.0007372
MDTBTC,0.0000017
MDTUSDT,0.04701
STMXBTC,0.00000016
STMXETH,0.00000292
STMXUSDT,0.006388
KNCBUSD,0.645
KNCUSDT,0.648
REPBUSD,13.673
REPUSDT,4.73
LRCBUSD,0.176
LRCUSDT,0.1761
IQBNB,0.00002243
IQBUSD,0.00502
PNTBTC,0.00000864
PNTUSDT,0.1299
BTCGBP,22859.99
ETHGBP,1358.02
XRPGBP,0.4355
BNBGBP,175.8
GBPBUSD,1.211
DGBBTC,0.00000023
DGBBUSD,0.00632
BTCUAH,1109108
USDTUAH,40.07
COMPBTC,0.001636
COMPBNB,5.719
COMPBUSD,45.37
COMPUSDT,45.28
BTCBIDR,430803329
ETHBIDR,25590555
BNBBIDR,3335250
BUSDBIDR,15548
USDTBIDR,15551
BKRWUSDT,0.0008453
BKRWBUSD,0.0008455
SCUSDT,0.00298
ZENUSDT,8.05
SXPBTC,0.00000997
SXPBNB,0.001296
SXPBUSD,0.276
SNXBTC,0.0000735
SNXBNB,0.00958
SNXBUSD,2.039
SNXUSDT,2.036
ETHUPUSDT,3.347
ETHDOWNUSDT,0.244
ADAUPUSDT,0.104
ADADOWNUSDT,0.001917
LINKUPUSDT,0.00608
LINKDOWNUSDT,0.000895
VTHOBNB,0.00000673
VTHOBUSD,0.000718
VTHOUSDT,0.001154
DCRBUSD,16.035
DGBUSDT,0.00626
GBPUSDT,1.211
STORJBUSD,0.2371
SXPUSDT,0.2764
IRISBNB,0.001662
IRISBTC,0.00000066
IRISBUSD,0.0608
MKRBNB,6.903
MKRBTC,0.05256
MKRUSDT,1456
MKRBUSD,1457
DAIBNB,0.04876
DAIBTC,0.00008966
DAIUSDT,1.0189
DAIBUSD,1.0181
RUNEBNB,0.00942
RUNEBTC,0.00007242
RUNEBUSD,2.006
MANABUSD,0.2975
DOGEBUSD,0.06116
LENDBUSD,0.5153
ZRXBUSD,0.1689
DCRUSDT,13.02
STORJUSDT,0.4244
XRPBKRW,319.76
ADABKRW,327.55
BTCAUD,37210.08
ETHAUD,2565.09
AUDBUSD,0.7255
FIOBNB,0.0001708
FIOBTC,0.00000074
FIOBUSD,0.01922
BNBUPUSDT,20.08
BNBDOWNUSDT,0.01814
XTZUPUSDT,0.002551
XTZDOWNUSDT,2.6001
AVABNB,0.002188
AVABTC,0.00001629
AVABUSD,0.47
USDTBKRW,1125
BUSDBKRW,1097.18
IOTABUSD,0.152
MANAUSDT,0.2975
XRPAUD,0.7
BNBAUD,421.1
AUDUSDT,0.7252
BALBNB,0.4258
BALBTC,0.0001178
BALBUSD,3.15
YFIBNB,82.19
YFIBTC,0.1918
YFIBUSD,5308
YFIUSDT,5314
BLZBUSD,0.0553
KMDBUSD,0.4676
BALUSDT,3.276
BLZUSDT,0.1342
IRISUSDT,0.01825
KMDUSDT,0.2221
BTCDAI,27705.27
ETHDAI,1645.1
BNBDAI,213
USDTDAI,0.9999
BUSDDAI,0.9998
JSTBNB,0.0002185
JSTBTC,0.00000083
JSTBUSD,0.02103
JSTUSDT,0.02323
SRMBNB,0.00084
SRMBTC,0.00001523
SRMBUSD,0.0353
SRMUSDT,0.24442
ANTBNB,0.02297
ANTBTC,0.00017683
ANTBUSD,4.303
ANTUSDT,4.901
CRVBNB,0.00687
CRVBTC,0.00001739
CRVBUSD,0.4814
CRVUSDT,0.4817
SANDBNB,0.001395
SANDBTC,0.00001072
SANDUSDT,0.2971
SANDBUSD,0.2971
OCEANBNB,0.001428
OCEANBTC,0.00001099
OCEANBUSD,0.3046
OCEANUSDT,0.3047
NMRBTC,0.00046
NMRBUSD,11.43
NMRUSDT,12.74
DOTBNB,0.01901
DOTBTC,0.0001462
DOTBUSD,4.05
DOTUSDT,4.05
LUNABNB,0.00000019
LUNABTC,0.00000001
LUNABUSD,0.4406
LUNAUSDT,0.4404
IDEXBTC,0.00000166
IDEXBUSD,0.04617
RSRBNB,0.0000084
RSRBTC,0.00000016
RSRBUSD,0.00184
RSRUSDT,0.001796
PAXGBNB,8.622
PAXGBTC,0.06627
PAXGBUSD,1837
PAXGUSDT,1835
WNXMBNB,0.1735
WNXMBTC,0.000672
WNXMBUSD,22.165
WNXMUSDT,30.65
TRBBNB,0.517
TRBBTC,0.0016463
TRBBUSD,45.7
TRBUSDT,45.69
ETHNGN,805670
DOTBIDR,72297
LINKAUD,7.986
SXPAUD,1.868
BZRXBNB,0.00514
BZRXBTC,0.00000463
BZRXBUSD,0.2164
BZRXUSDT,0.2156
WBTCBTC,0.9999
WBTCETH,16.83
SUSHIBNB,0.002697
SUSHIBTC,0.00002069
SUSHIBUSD,0.575
SUSHIUSDT,0.575
YFIIBNB,4.42
YFIIBTC,0.07249
YFIIBUSD,1192
YFIIUSDT,435.5
KSMBNB,0.0908
KSMBTC,0.000668
KSMBUSD,18.87
KSMUSDT,18.51
EGLDBNB,0.1151
EGLDBTC,0.000888
EGLDBUSD,24.64
EGLDUSDT,24.63
DIABNB,0.003813
DIABTC,0.00000888
DIABUSD,0.2467
DIAUSDT,0.247
RUNEUSDT,2.006
FIOUSDT,0.02053
UMABTC,0.000049
UMAUSDT,1.363
EOSUPUSDT,0.2113
EOSDOWNUSDT,0.0003665
TRXUPUSDT,0.03854
TRXDOWNUSDT,1.139
XRPUPUSDT,0.0855
XRPDOWNUSDT,0.00008172
DOTUPUSDT,0.096
DOTDOWNUSDT,16.737
SRMBIDR,26748
ONEBIDR,119.92
LINKTRY,213.2
USDTNGN,1000.6
BELBNB,0.002813
BELBTC,0.00002165
BELBUSD,0.6003
BELUSDT,0.6002
WINGBNB,0.04865
WINGBTC,0.0002037
SWRVBNB,0.001504
SWRVBUSD,0.5649
WINGBUSD,5.65
WINGUSDT,5.65
LTCUPUSDT,0.4801
LTCDOWNUSDT,2.2279
LENDBKRW,579.46
SXPEUR,0.2654
CREAMBNB,0.0723
CREAMBUSD,19.86
UNIBNB,0.02024
UNIBTC,0.0001554
UNIBUSD,4.307
UNIUSDT,4.307
NBSBTC,0.00000031
NBSUSDT,0.00166
OXTBTC,0.00000231
OXTUSDT,0.0641
SUNBTC,0.000711
SUNUSDT,0.00559
AVAXBNB,0.04699
AVAXBTC,0.000362
AVAXBUSD,10.02
AVAXUSDT,10.03
HNTBTC,0.0002357
HNTUSDT,4.67
BAKEBNB,0.0006186
BURGERBNB,0.001536
SXPBIDR,19956
LINKBKRW,16948.99
FLMBNB,0.00333
FLMBTC,0.00000273
FLMBUSD,0.2321
FLMUSDT,0.0758
SCRTBTC,0.00000915
SCRTETH,0.000154
CAKEBNB,0.00558
CAKEBUSD,1.189
SPARTABNB,0.0000657
UNIUPUSDT,1.055
UNIDOWNUSDT,2.172
ORNBTC,0.00001818
ORNUSDT,0.5049
TRXNGN,20.71
SXPTRY,7.66
UTKBTC,0.00000197
UTKUSDT,0.0548
XVSBNB,0.02406
XVSBTC,0.0001851
XVSBUSD,5.13
XVSUSDT,5.14
ALPHABNB,0.000299
ALPHABTC,0.00000273
ALPHABUSD,0.0771
ALPHAUSDT,0.0754
VIDTBTC,0.00000066
VIDTBUSD,0.01821
AAVEBNB,0.337
BTCBRL,143311
USDTBRL,5.176
AAVEBTC,0.00259
AAVEETH,0.04362
AAVEBUSD,71.8
AAVEUSDT,71.71
AAVEBKRW,164167
NEARBNB,0.005163
NEARBTC,0.00003972
NEARBUSD,1.101
NEARUSDT,1.101
SXPUPUSDT,0.17426
SXPDOWNUSDT,0.0895
DOTBKRW,13514.98
SXPGBP,0.408
FILBNB,0.01552
FILBTC,0.0001195
FILBUSD,3.314
FILUSDT,3.314
FILUPUSDT,0.1515
FILDOWNUSDT,0.0007666
YFIUPUSDT,0.1169
YFIDOWNUSDT,0.9009
INJBNB,0.0357
INJBTC,0.0002745
INJBUSD,7.608
INJUSDT,7.605
AERGOBTC,0.00000364
AERGOBUSD,0.1011
LINKEUR,7.3
ONEBUSD,0.00944
EASYETH,0.00623
AUDIOBTC,0.00000525
AUDIOBUSD,0.1527
AUDIOUSDT,0.1456
CTKBNB,0.002049
CTKBTC,0.00001573
CTKBUSD,0.534
CTKUSDT,0.435
BCHUPUSDT,0.0724
BCHDOWNUSDT,0.2247
BOTBTC,0.04906
BOTBUSD,2783.23
ETHBRL,8514.33
DOTEUR,3.852
AKROBTC,0.00000013
AKROUSDT,0.00691
KP3RBNB,0.2025
KP3RBUSD,45.38
AXSBNB,0.02112
AXSBTC,0.0001623
AXSBUSD,4.49
AXSUSDT,4.5
HARDBNB,0.000527
HARDBTC,0.00000402
HARDBUSD,0.1109
HARDUSDT,0.1112
BNBBRL,1101
LTCEUR,61.63
RENBTCBTC,0.9931
RENBTCETH,16.299
DNTBUSD,0.036
DNTUSDT,0.036
SLPETH,0.00000092
ADAEUR,0.2459
LTCNGN,78132
CVPETH,0.00032
CVPBUSD,0.3091
STRAXBTC,0.00001655
STRAXETH,0.0003188
STRAXBUSD,0.471
STRAXUSDT,0.458
FORBTC,0.00000064
FORBUSD,0.01703
UNFIBNB,0.02654
UNFIBTC,0.000243
UNFIBUSD,6.758
UNFIUSDT,6.767
FRONTETH,0.0003304
FRONTBUSD,0.3051
BCHABUSD,43.641
ROSEBTC,0.00000149
ROSEBUSD,0.04134
ROSEUSDT,0.04135
AVAXTRY,278.3
BUSDBRL,5.173
AVAUSDT,0.451
SYSBUSD,0.0849
XEMUSDT,0.02523
HEGICETH,0.00001647
HEGICBUSD,0.0212
AAVEUPUSDT,0.6008
AAVEDOWNUSDT,0.004673
PROMBNB,0.01443
PROMBUSD,4.004
XRPBRL,2.73
XRPNGN,214.17
SKLBTC,0.00000077
SKLBUSD,0.0215
SKLUSDT,0.02133
BCHEUR,220.1
YFIEUR,5033
ZILBIDR,253.4
SUSDBTC,0.00002065
SUSDETH,0.000527
SUSDUSDT,0.996
COVERETH,0.06373
COVERBUSD,193.6
GLMBTC,0.00000666
GLMETH,0.0001502
GHSTETH,0.0008175
GHSTBUSD,0.957
SUSHIUPUSDT,0.004714
SUSHIDOWNUSDT,37.37
XLMUPUSDT,0.0243
XLMDOWNUSDT,4.304
LINKBRL,39.63
LINKNGN,11772
LTCRUB,6525
TRXTRY,2.4803
XLMEUR,0.1061
DFETH,0.0000702
DFBUSD,0.036
GRTBTC,0.00000311
GRTETH,0.0000524
GRTUSDT,0.0863
JUVBTC,0.0001377
JUVBUSD,2.065
JUVUSDT,1.982
PSGBTC,0.0001084
PSGBUSD,3.019
PSGUSDT,2.998
BUSDBVND,23720
USDTBVND,23710
1INCHBTC,0.00000917
1INCHUSDT,0.2541
REEFBTC,0.00000014
REEFUSDT,0.00135
OGBTC,0.0001633
OGUSDT,4.516
ATMBTC,0.0000944
ATMUSDT,2.345
ASRBTC,0.0001339
ASRUSDT,2.187
CELOBTC,0.00001553
CELOUSDT,0.434
RIFBTC,0.00000247
RIFUSDT,0.0685
CHZTRY,1.692
XLMTRY,3.096
LINKGBP,6.34
GRTEUR,0.082
BTCSTBTC,0.000331
BTCSTBUSD,1.16
BTCSTUSDT,5.35
TRUBTC,0.00000141
TRUBUSD,0.5357
TRUUSDT,0.0392
DEXEETH,0.001356
DEXEBUSD,2.23
EOSEUR,0.548
LTCBRL,334.9
USDCBUSD,0.9999
TUSDBUSD,0.999
PAXBUSD,1
CKBBTC,0.00000015
CKBBUSD,0.00265
CKBUSDT,0.002705
TWTBTC,0.00003207
TWTBUSD,0.7924
TWTUSDT,0.8893
FIROBTC,0.0000546
FIROETH,0.001333
FIROUSDT,1.513
BETHETH,0.9995
DOGEEUR,0.05819
DOGETRY,1.697
DOGEAUD,0.09449
DOGEBRL,0.3162
DOTNGN,10716
PROSETH,0.000216
LITBTC,0.00002545
LITBUSD,0.706
LITUSDT,0.705
BTCVAI,56876.4
BUSDVAI,1.015
SFPBTC,0.00002079
SFPBUSD,0.5761
SFPUSDT,0.5762
DOGEGBP,0.05041
DOTTRY,112.4
FXSBTC,0.00020289
FXSBUSD,5.642
DODOBTC,0.00000393
DODOBUSD,0.1088
DODOUSDT,0.1092
FRONTBTC,0.00001099
EASYBTC,0.0002925
CAKEBTC,0.0000429
CAKEUSDT,1.188
BAKEBUSD,0.1318
UFTETH,0.0001316
UFTBUSD,0.2061
1INCHBUSD,0.2538
BANDBUSD,1.118
GRTBUSD,0.0862
IOSTBUSD,0.00706
OMGBUSD,0.466
REEFBUSD,0.001349
ACMBTC,0.0000905
ACMBUSD,2.073
ACMUSDT,1.792
AUCTIONBTC,0.0001943
AUCTIONBUSD,5.39
PHABTC,0.00000362
PHABUSD,0.0999
DOTGBP,3.315
ADATRY,7.18
ADABRL,1.336
ADAGBP,0.2132
TVKBTC,0.00000074
TVKBUSD,0.02043
BADGERBTC,0.0000771
BADGERBUSD,2.127
BADGERUSDT,2.14
FISBTC,0.00000999
FISBUSD,0.2764
FISUSDT,0.2767
DOTBRL,20.94
ADAAUD,0.5054
HOTTRY,0.02816
EGLDEUR,23.37
OMBTC,0.00000069
OMBUSD,0.01891
OMUSDT,0.01899
PONDBTC,0.0000003
PONDBUSD,0.00827
PONDUSDT,0.00827
DEGOBTC,0.00004772
DEGOBUSD,1.347
DEGOUSDT,1.326
AVAXEUR,9.52
BTTTRY,0.03783
CHZBRL,0.315
UNIEUR,4.856
ALICEBTC,0.00002542
ALICEBUSD,0.726
ALICEUSDT,0.702
CHZBUSD,0.061
CHZEUR,0.0579
CHZGBP,0.0572
BIFIBNB,2.777
BIFIBUSD,359.6
LINABTC,0.00000038
LINABUSD,0.01057
LINAUSDT,0.010585
ADARUB,25.97
ENJBRL,1.328
ENJEUR,0.2148
MATICEUR,0.5346
NEOTRY,198
PERPBTC,0.00002047
PERPBUSD,0.56917
PERPUSDT,0.56903
RAMPBTC,0.00000273
RAMPBUSD,0.0521
RAMPUSDT,0.0524
SUPERBTC,0.0000028
SUPERBUSD,0.0774
SUPERUSDT,0.0776
CFXBTC,0.00000479
CFXBUSD,0.1329
CFXUSDT,0.1327
ENJGBP,0.3676
EOSTRY,15.95
LTCGBP,53
LUNAEUR,0.00006
RVNTRY,0.4103
THETAEUR,0.587
XVGBUSD,0.003437
EPSBTC,0.00000499
EPSBUSD,0.1679
EPSUSDT,0.1679
AUTOBTC,0.00324
AUTOBUSD,95.1
AUTOUSDT,95.3
TKOBTC,0.00000771
TKOBIDR,3360
TKOBUSD,0.2137
TKOUSDT,0.2134
PUNDIXETH,0.0002249
PUNDIXUSDT,0.3703
BTTBRL,0.01553
BTTEUR,0.002436
HOTEUR,0.001789
WINEUR,0.0000601
TLMBTC,0.00000036
TLMBUSD,0.00997
TLMUSDT,0.00997
1INCHUPUSDT,0.065703
1INCHDOWNUSDT,0.006148
BTGBUSD,17.62
BTGUSDT,17.65
HOTBUSD,0.001058
BNBUAH,8522
ONTTRY,4.61
VETEUR,0.01589
VETGBP,0.0143
WINBRL,0.0003271
MIRBTC,0.00000838
MIRBUSD,0.13237
MIRUSDT,0.14168
BARBTC,0.000141
BARBUSD,2.533
BARUSDT,2.205
FORTHBTC,0.0001014
FORTHBUSD,3.027
FORTHUSDT,2.812
CAKEGBP,2.714
DOGERUB,6.94
HOTBRL,0.0375
WRXEUR,0.5746
EZBTC,0.00001351
EZETH,0.000175
BAKEUSDT,0.1316
BURGERBUSD,0.3441
BURGERUSDT,0.3433
SLPBUSD,0.001521
SLPUSDT,0.001521
TRXAUD,0.0981
TRXEUR,0.08501
VETTRY,0.4614
SHIBUSDT,0.00000724
SHIBBUSD,0.00000724
ICPBTC,0.0001133
ICPBNB,0.01474
ICPBUSD,3.141
ICPUSDT,3.14
SHIBEUR,0.0000069
SHIBRUB,0.0005773
ETCEUR,14.87
ETCBRL,202.4
DOGEBIDR,955
ARBTC,0.0001451
ARBNB,0.02183
ARBUSD,4.02
ARUSDT,4.01
POLSBTC,0.00000983
POLSBNB,0.001284
POLSBUSD,0.2567
POLSUSDT,0.2719
MDXBTC,0.00000236
MDXBNB,0.000619
MDXBUSD,0.0655
MDXUSDT,0.0655
MASKBNB,0.0126
MASKBUSD,2.681
MASKUSDT,2.688
LPTBTC,0.0002128
LPTBNB,0.02752
LPTBUSD,5.91
LPTUSDT,5.9
ETHUAH,65932
MATICBRL,2.904
SOLEUR,22.24
SHIBBRL,0.00003751
AGIXBTC,0.00000651
ICPEUR,2.985
MATICGBP,0.4643
SHIBTRY,0.00020107
MATICBIDR,8382
MATICRUB,56.75
NUBTC,0.0000124
NUBNB,0.0012677
NUBUSD,0.5453
NUUSDT,0.5436
XVGUSDT,0.00344
RLCBUSD,1.783
CELRBUSD,0.01243
ATMBUSD,2.42
ZENBUSD,7.19
FTMBUSD,0.2001
THETABUSD,0.618
WINBUSD,0.0000694
KAVABUSD,0.616
XEMBUSD,0.0963
ATABTC,0.00000298
ATABNB,0.000369
ATABUSD,0.0792
ATAUSDT,0.0825
GTCBTC,0.0000327
GTCBNB,0.0186
GTCBUSD,0.906
GTCUSDT,0.906
TORNBTC,0.0002398
TORNBNB,0.09058
TORNBUSD,2.94
TORNUSDT,4.06
MATICTRY,15.598
ETCGBP,26.54
SOLGBP,19.28
BAKEBTC,0.00000475
COTIBUSD,0.0396
KEEPBTC,0.00001432
KEEPBNB,0.0014507
KEEPBUSD,0.626
KEEPUSDT,0.6251
SOLTRY,649.1
RUNEGBP,1.278
SOLBRL,120.9
SCBUSD,0.003664
CHRBUSD,0.0964
STMXBUSD,0.005851
HNTBUSD,1.228
FTTBUSD,1.13
DOCKBUSD,0.01527
ADABIDR,3965
ERNBNB,0.00669
ERNBUSD,1.492
ERNUSDT,1.495
KLAYBTC,0.00000417
KLAYBNB,0.000618
KLAYBUSD,0.1354
KLAYUSDT,0.1156
RUNEEUR,1.912
MATICAUD,1.2141
DOTRUB,406
UTKBUSD,0.0561
IOTXBUSD,0.0174
PHAUSDT,0.0999
SOLRUB,2349
RUNEAUD,17.404
BUSDUAH,40.06
BONDBTC,0.0000755
BONDBNB,0.02969
BONDBUSD,2.088
BONDUSDT,2.092
MLNBTC,0.000536
MLNBNB,0.0988
MLNBUSD,15.73
MLNUSDT,14.87
GRTTRY,2.392
CAKEBRL,69.72
ICPRUB,4589
DOTAUD,6.631
AAVEBRL,1792
EOSAUD,6.555
DEXEUSDT,2.234
LTOBUSD,0.057
ADXBUSD,0.1393
QUICKBTC,0.0000016
QUICKBNB,0.422
QUICKBUSD,74.1
C98USDT,0.1468
C98BUSD,0.1465
C98BNB,0.000805
C98BTC,0.0000053
CLVBTC,0.00000117
CLVBNB,0.0002643
CLVBUSD,0.03282
CLVUSDT,0.03222
QNTBTC,0.003102
QNTBNB,0.4015
QNTBUSD,85.9
QNTUSDT,85.9
FLOWBTC,0.00001562
FLOWBNB,0.002034
FLOWBUSD,0.433
FLOWUSDT,0.433
XECBUSD,0.00002501
AXSBRL,38.36
AXSAUD,8.66
TVKUSDT,0.02071
MINABTC,0.00001402
MINABNB,0.001666
MINABUSD,0.388
MINAUSDT,0.387
RAYBNB,0.000901
RAYBUSD,0.1701
RAYUSDT,0.1916
FARMBTC,0.000812
FARMBNB,0.1515
FARMBUSD,21.12
FARMUSDT,22.6
ALPACABTC,0.00000476
ALPACABNB,0.000944
ALPACABUSD,0.1439
ALPACAUSDT,0.1319
TLMTRY,0.2769
QUICKUSDT,0.04434
ORNBUSD,0.5519
MBOXBTC,0.0000087
MBOXBNB,0.001126
MBOXBUSD,0.2408
MBOXUSDT,0.2411
VGXBTC,0.00002524
VGXETH,0.000348
FORUSDT,0.01776
REQUSDT,0.0634
GHSTUSDT,0.783
TRURUB,2.98
FISBRL,1.781
WAXPUSDT,0.0419
WAXPBUSD,0.0417
WAXPBNB,0.0001706
WAXPBTC,0.00000152
TRIBEBTC,0.00000743
TRIBEBNB,0.001431
TRIBEBUSD,0.2057
TRIBEUSDT,0.2018
GNOUSDT,98.4
GNOBUSD,304.1
GNOBNB,0.865
GNOBTC,0.005624
ARPATRY,1.2073
PROMBTC,0.0001449
MTLBUSD,1.246
OGNBUSD,0.1129
XECUSDT,0.000025
C98BRL,1.308
SOLAUD,28.48
XRPBIDR,7835
POLYBUSD,0.27
ELFUSDT,0.3465
DYDXUSDT,2.023
DYDXBUSD,2.024
DYDXBNB,0.009501
DYDXBTC,0.00007305
ELFBUSD,0.3462
POLYUSDT,0.2696
IDEXUSDT,0.04642
VIDTUSDT,0.01821
SOLBIDR,311087
AXSBIDR,72500
BTCUSDP,19435.03
ETHUSDP,1344.37
BNBUSDP,282.09
USDPBUSD,1
USDPUSDT,1.0003
GALAUSDT,0.01553
GALABUSD,0.01554
GALABNB,0.00007275
GALABTC,0.00000056
FTMBIDR,3413
ALGOBIDR,20095
CAKEAUD,25.61
KSMAUD,234.8
WAVESRUB,1190.49
SUNBUSD,0.00544
ILVUSDT,39.2
ILVBUSD,39.2
ILVBNB,0.179
ILVBTC,0.001417
RENBUSD,0.045398
YGGUSDT,0.2357
YGGBUSD,0.2356
YGGBNB,0.000687
YGGBTC,0.00000851
STXBUSD,0.4905
SYSUSDT,0.0851
DFUSDT,0.0336
SOLUSDC,33.68
ARPARUB,4.345
LTCUAH,2597
FETBUSD,0.2191
ARPABUSD,0.04344
LSKBUSD,0.844
AVAXBIDR,266752
ALICEBIDR,29103
FIDAUSDT,0.1674
FIDABUSD,0.167
FIDABNB,0.00543
FIDABTC,0.00000604
DENTBUSD,0.000707
FRONTUSDT,0.3047
CVPUSDT,0.3089
AGLDBTC,0.00002114
AGLDBNB,0.0019
AGLDBUSD,0.585
AGLDUSDT,0.585
RADBTC,0.0000474
RADBNB,0.01032
RADBUSD,1.321
RADUSDT,1.315
UNIAUD,34.47
HIVEBUSD,0.2758
STPTBUSD,0.04185
BETABTC,0.00000231
BETABNB,0.000335
BETABUSD,0.06447
BETAUSDT,0.06392
SHIBAUD,0.00001121
RAREBTC,0.00000221
RAREBNB,0.000691
RAREBUSD,0.0608
RAREUSDT,0.0611
AVAXBRL,51.8
AVAXAUD,17.91
LUNAAUD,0.00009
TROYBUSD,0.002269
AXSETH,0.002723
FTMETH,0.0001215
SOLETH,0.0142
SSVBTC,0.0005677
SSVETH,0.009549
LAZIOTRY,49.03
LAZIOEUR,1.691
LAZIOBTC,0.00006384
LAZIOUSDT,1.766
CHESSBTC,0.00000451
CHESSBNB,0.001885
CHESSBUSD,0.124
CHESSUSDT,0.1253
FTMAUD,0.42
FTMBRL,1.923
SCRTBUSD,0.2629
ADXUSDT,0.1393
AUCTIONUSDT,5.4
CELOBUSD,0.433
FTMRUB,36.85
NUAUD,0.769
NURUB,41.13
REEFTRY,0.03734
REEFBIDR,162
SHIBDOGE,0.0001184
DARUSDT,0.08905
DARBUSD,0.08865
DARBNB,0.00041641
DARBTC,0.00000321
BNXBTC,0.00000751
BNXBNB,0.000973
BNXBUSD,0.2086
BNXUSDT,0.2086
RGTUSDT,14.44
RGTBTC,0.0003796
RGTBUSD,14.46
RGTBNB,0.03997
LAZIOBUSD,1.767
OXTBUSD,0.0513
MANATRY,8.25
ALGORUB,9.92
SHIBUAH,0.000793
LUNABIDR,0.88
AUDUSDC,0.6477
MOVRBTC,0.0001409
MOVRBNB,0.1552
MOVRBUSD,3.91
MOVRUSDT,3.91
CITYBTC,0.0001021
CITYBNB,0.01454
CITYBUSD,2.964
CITYUSDT,2.832
ENSBTC,0.0002798
ENSBNB,0.0365
ENSBUSD,7.78
ENSUSDT,7.78
SANDETH,0.0001798
DOTETH,0.002461
MATICETH,0.0003412
ANKRBUSD,0.01917
SANDTRY,8.24
MANABRL,1.661
KP3RUSDT,45.48
QIUSDT,0.00543
QIBUSD,0.00541
QIBNB,0.0000991
QIBTC,0.00000019
PORTOBTC,0.00006164
PORTOUSDT,1.711
PORTOTRY,47.45
PORTOEUR,1.626
POWRUSDT,0.1504
POWRBUSD,0.1504
AVAXETH,0.00609
SLPTRY,0.04225
FISTRY,8.87
LRCTRY,4.88
CHRETH,0.0000586
FISBIDR,9124
VGXUSDT,0.1188
GALAETH,0.00000943
JASMYUSDT,0.003331
JASMYBUSD,0.003322
JASMYBNB,0.00001767
JASMYBTC,0.00000017
AMPBTC,0.0000001
AMPBNB,0.00003999
AMPBUSD,0.001625
AMPUSDT,0.001624
PLABTC,0.00000548
PLABNB,0.0006968
PLABUSD,0.1477
PLAUSDT,0.1515
PYRBTC,0.0001082
PYRBUSD,2.997
PYRUSDT,2.998
RNDRBTC,0.0000624
RNDRUSDT,1.728
RNDRBUSD,1.729
ALCXBTC,0.0004486
ALCXBUSD,10.73
ALCXUSDT,12.41
SANTOSBTC,0.00010048
SANTOSUSDT,2.775
SANTOSBRL,20
SANTOSTRY,77.09
MCBTC,0.00001215
MCBUSD,0.2657
MCUSDT,0.3367
BELTRY,16.63
COCOSBUSD,1.7589
DENTTRY,0.01706
ENJTRY,6.27
NEORUB,734
SANDAUD,0.6359
SLPBIDR,32.3
ANYBTC,0.0002602
ANYBUSD,12.33
ANYUSDT,12.3
BICOBTC,0.0000084
BICOBUSD,0.2514
BICOUSDT,0.2321
FLUXBTC,0.00001213
FLUXBUSD,0.337
FLUXUSDT,0.3368
ALICETRY,19.49
FXSUSDT,5.643
GALABRL,0.0803
GALATRY,0.4304
LUNATRY,12.22
REQBUSD,0.0633
SANDBRL,1.807
MANABIDR,10781
SANDBIDR,6598
VOXELBTC,0.00000526
VOXELBNB,0.0006934
VOXELBUSD,0.145
VOXELUSDT,0.1458
COSBUSD,0.00517
CTXCBUSD,0.1248
FTMTRY,5.559
MANABNB,0.00155
MINATRY,10.77
XTZTRY,19.01
HIGHBTC,0.00004386
HIGHBUSD,1.217
HIGHUSDT,1.218
CVXBTC,0.0001049
CVXBUSD,2.597
CVXUSDT,2.912
PEOPLEBTC,0.00000034
PEOPLEBUSD,0.0095
PEOPLEUSDT,0.0095
OOKIBUSD,0.001629
OOKIUSDT,0.001703
COCOSTRY,36.66
GXSBNB,0.004538
LINKBNB,0.03603
LUNAETH,0.00000003
MDTBUSD,0.04578
NULSBUSD,0.1785
SPELLBTC,0.00000012
SPELLUSDT,0.0004813
SPELLBUSD,0.0003973
USTBTC,0.00002476
USTBUSD,0.06762946
USTUSDT,0.245779
JOEBTC,0.00000933
JOEBUSD,0.2577
JOEUSDT,0.2572
ATOMETH,0.004231
DUSKBUSD,0.1111
EGLDETH,0.01494
ICPETH,0.001909
LUNABRL,0.0003
LUNAUST,0.000049
NEARETH,0.000667
ROSEBNB,0.0001534
VOXELETH,0.0002022
ALICEBNB,0.00524
ATOMTRY,193.2
ETHUST,8239.72
GALAAUD,0.0396
LRCBNB,0.000839
ONEETH,0.00000617
OOKIBNB,0.00001491
ACHBTC,0.00000053
ACHBUSD,0.01459
ACHUSDT,0.01458
IMXBTC,0.00002063
IMXBUSD,0.5715
IMXUSDT,0.5717
GLMRBTC,0.00000736
GLMRBUSD,0.204
GLMRUSDT,0.2043
ATOMBIDR,307866
DYDXETH,0.001591
FARMETH,0.03152
FORBNB,0.0000971
ICPTRY,86.8
JASMYETH,0.00000302
LINABNB,0.00007811
OOKIETH,0.00000251
ROSEETH,0.00002506
UMABUSD,1.327
UNIETH,0.002617
XTZETH,0.00044
LOKABTC,0.00000695
LOKABNB,0.0009065
LOKABUSD,0.193
LOKAUSDT,0.1932
ATOMBRL,66.35
BNBUST,1129.3
CRVETH,0.0002905
HIGHBNB,0.005697
NEARRUB,110.9
ROSETRY,1.147
SCRTUSDT,0.2535
API3BTC,0.00003721
API3BUSD,1
API3USDT,1.031
BTTCUSDT,0.00000038
BTTCUSDC,0.00000078
BTTCTRY,0.00001071
ACABTC,0.00000189
ACABUSD,0.0464
ACAUSDT,0.0526
ANCBTC,0.00000186
ANCBUSD,0.02872
ANCUSDT,0.03151
BDOTDOT,0.9862
XNOBTC,0.00002323
XNOETH,0.0005017
XNOBUSD,0.663
XNOUSDT,0.642
COSTRY,0.1254
KAVAETH,0.000376
MCBNB,0.000698
ONETRY,0.262
WOOBTC,0.00000651
WOOBNB,0.000846
WOOBUSD,0.1645
WOOUSDT,0.1804
CELRETH,0.00000789
PEOPLEBNB,0.00004675
SLPBNB,0.00000884
SPELLBNB,0.00000404
SPELLTRY,0.01336
TFUELBUSD,0.0439
AXSTRY,124.5
DARTRY,2.463
NEARTRY,30.51
IDEXBNB,0.000218
ALPINEEUR,1.649
ALPINETRY,47.95
ALPINEUSDT,1.728
ALPINEBTC,0.0000623
TUSDT,0.01778
TBUSD,0.01767
API3BNB,0.00533
BETAETH,0.00003917
INJTRY,210.92
TLMBNB,0.0001099
ASTRBUSD,0.05
ASTRUSDT,0.0449
API3TRY,28.54
GLMRBNB,0.001021
MBOXTRY,6.69
NBTBIDR,39.1
NBTUSDT,0.00252
GMTBTC,0.00000546
GMTBNB,0.00071
GMTBUSD,0.1513
GMTUSDT,0.1512
ANCBNB,0.0001288
ATOMEUR,6.616
GALAEUR,0.01469
KSMETH,0.02114
UMATRY,37.9
KDABTC,0.00001666
KDABUSD,0.458
KDAUSDT,0.463
APEUSDT,1.139
APEBUSD,1.139
APEBTC,0.00004109
ALPINEBUSD,1.749
LUNAGBP,0.00005
NEAREUR,1.046
TWTTRY,24.65
WAVESEUR,1.433
APEEUR,1.083
APEGBP,3.305
APETRY,31.6
BSWUSDT,0.064
BSWBUSD,0.067
BSWBNB,0.0003016
APEBNB,0.00535
GMTBRL,1.325
GMTETH,0.0000917
JASMYTRY,0.092476
SANTOSBUSD,2.778
APEAUD,4.072
BIFIUSDT,364
GMTEUR,0.1436
IMXBNB,0.002362
RUNEETH,0.0012192
AVAXGBP,14.18
MULTIBTC,0.0000892
MULTIBUSD,2.47
MULTIUSDT,2.462
APEETH,0.000691
BSWETH,0.0001366
FILTRY,91.72
FTMEUR,0.1906
GMTGBP,0.2107
ZILTRY,0.4647
GMTTRY,4.2
WAVESTRY,42.4
BTCUST,121179.88
ASTRBTC,0.00000163
ASTRETH,0.00003108
BSWTRY,1.778
FTTETH,0.001141
FUNBNB,0.00002074
PORTOBUSD,1.757
STEEMUSDT,0.1722
ZILEUR,0.02063
APEBRL,22.16
AUDIOTRY,4.039
BTTCBUSD,0.00000045
GMTAUD,0.5695
MBLBUSD,0.002658
MOBUSDT,0.511
MOBBUSD,0.55
MOBBTC,0.00001843
NEXOUSDT,0.551
NEXOBUSD,0.627
NEXOBTC,0.00001996
REIUSDT,0.02419
REIBNB,0.0000821
REIETH,0.00001928
GALUSDT,1.195
GALBUSD,1.351
GALBNB,0.004893
GALBTC,0.00004318
JASMYEUR,0.004568
KNCBNB,0.00255
SHIBGBP,0.00000696
GALEUR,0.995
GALTRY,33.17
LDOBUSD,1.589
LDOUSDT,1.587
LDOBTC,0.00005727
ENSTRY,215.6
DAREUR,0.08464
DARETH,0.0001014
ALGOETH,0.0000602
ALGOTRY,2.749
GALETH,0.000762
EPXUSDT,0.0002073
EPXBUSD,0.0001698
RUNETRY,31.38
GALBRL,8.68
STEEMBUSD,0.1847
CVCBUSD,0.0688
REIBUSD,0.03079
DREPBUSD,0.2379
AKROBUSD,0.00692
PUNDIXBUSD,0.3336
LUNCBUSD,0.00005922
USTCBUSD,0.01214999
OPBTC,0.00004799
OPBUSD,1.33
OPUSDT,1.33
OGBUSD,4.516
KEYBUSD,0.005082
ASRBUSD,2.159
FIROBUSD,1.441
NKNBUSD,0.0972
OPBNB,0.00624
OPEUR,1.265
GTOBUSD,0.02863
SNXETH,0.001242
WBTCBUSD,27683.15
BELETH,0.0004117
LITETH,0.0003551
LEVERUSDT,0.001526
LEVERBUSD,0.001526
BURGERETH,0.00045
PEOPLEETH,0.00000668
UNFIETH,0.002241
BONDETH,0.002665
STORJTRY,11.73
OPETH,0.000808
ETCTRY,434.1
WINGETH,0.003521
FILETH,0.002006
GLMBUSD,0.1786
SSVBUSD,15.74
STGBTC,0.00001627
STGBUSD,0.4504
STGUSDT,0.4512
ANKRTRY,0.532
ARKBUSD,0.5356
BETHBUSD,1646
LOOMBUSD,0.04003
SNMBUSD,0.0147
AMBBUSD,0.00796
LUNCUSDT,0.00005922
PHBBUSD,0.6242
GASBUSD,2.297
NEBLBUSD,0.354
PROSBUSD,0.2636
VIBBUSD,0.04564
GMXBTC,0.001377
GMXBUSD,31.67
GMXUSDT,38.42
AGIXBUSD,0.18035
NEBLUSDT,0.355
SNTBUSD,0.02283
POLYXBTC,0.00000424
POLYXBUSD,0.1175
POLYXUSDT,0.1175
APTBTC,0.00019233
APTUSDT,5.3287
APTBUSD,5.3267
BTCPLN,121577
ETHPLN,7217
BUSDPLN,4.395
APTEUR,5.0573
APTTRY,147.8
APTBRL,39.76
QKCBUSD,0.008695
OSMOBTC,0.00001082
OSMOUSDT,0.3
OSMOBUSD,0.464
HFTBTC,0.00001187
HFTBUSD,0.3293
HFTUSDT,0.3294
ARPAETH,0.00002634
PHBUSDT,0.6222
VITEBUSD,0.01726
HOOKBTC,0.00002853
HOOKUSDT,0.7899
HOOKBUSD,0.7906
HOOKBNB,0.0037095
MAGICBTC,0.00002
MAGICBUSD,0.5542
MAGICUSDT,0.5539
BUSDRON,4.762
HIFIETH,0.0003892
HIFIUSDT,0.6407
RPLBTC,0.000761
RPLBUSD,21.11
RPLUSDT,21.14
PROSUSDT,0.2648
FETTRY,6.075
GFTBUSD,0.02911
AGIXUSDT,0.18028
APTETH,0.003237
BTCRON,132000
GNSUSDT,3.35
GNSBTC,0.0001214
SYNBTC,0.00001106
SYNUSDT,0.3065
VIBUSDT,0.0457
SSVUSDT,15.73
LQTYUSDT,1.151
LQTYBTC,0.00004123
AMBUSDT,0.00977
BETHUSDT,1644.08
CFXTRY,3.687
STXTRY,13.616
USTCUSDT,0.01213942
GASUSDT,2.305
GLMUSDT,0.185
PROMUSDT,3.996
QKCUSDT,0.0079
UFTUSDT,0.2166
IDBTC,0.00000699
IDBNB,0.000902
IDUSDT,0.19368
ARBBTC,0.00003196
ARBUSDT,0.8852
AGIXTRY,5.004
LOOMUSDT,0.12908
OAXUSDT,0.1605
ARBTUSD,0.8874
ARBTRY,24.57
ARBEUR,0.8426
IDTUSD,0.19375
IDTRY,5.372
IDEUR,0.18337
LDOTUSD,1.586
MATICTUSD,0.563
OPTUSD,1.33
SOLTUSD,23.4
SSVTUSD,15.75
RDNTBTC,0.00000871
RDNTUSDT,0.2416
RDNTTUSD,0.2415
ARBRUB,88.9
JOETRY,7.15
MAGICTRY,15.38
USDTPLN,4.393
ACHTRY,0.4047
XVSTRY,142.6
EGLDRON,116.3
USDTRON,4.765
USDTARS,890.6
DOGETUSD,0.06123
WBTCUSDT,27740.23
EDUUSDT,0.43813
EDUTUSD,0.43834
EDUBNB,0.0020448
EDUBTC,0.00001581
EDUEUR,0.41647
EDUTRY,12.17
SUIUSDT,0.4429
SUITUSD,0.443
SUIBTC,0.00001598
SUIBNB,0.00208
SUIEUR,0.4191
SUITRY,12.3
AERGOUSDT,0.1013
RNDRTRY,47.96
PEPEUSDT,0.00000071
PEPETUSD,0.00000071
FLOKIUSDT,0.00001786
FLOKITUSD,0.00001779
OGTRY,125.1
PEPETRY,0.00001996
WBETHETH,1.0174
ASTUSDT,0.0881
SNTUSDT,0.02307
FLOKITRY,0.0004959
CITYTRY,78.5
COMBOUSDT,0.592
COMBOBNB,0.002785
COMBOTRY,16.42
LTCTRY,1798
RADTRY,36.48
BTCARS,24683316
OPTRY,36.85
PAXGTRY,50979
MAVBTC,0.00000887
MAVUSDT,0.2456
MAVTUSD,0.2463
CFXTUSD,0.1328
PENDLEBTC,0.00002474
PENDLEUSDT,0.6845
PENDLETUSD,0.6862
MAVTRY,6.82
OCEANTRY,8.456
TUSDTRY,27.74
ARBETH,0.0005387
BCHTRY,6409
XVGTRY,0.0954
XVGTUSD,0.003458
ARKMUSDT,0.4115
ARKMTUSD,0.4146
ARKMTRY,11.41
ARKMBNB,0.0019315
ARKMBTC,0.00001484
WBETHUSDT,1675.27
ACATRY,1.454
AVAXTUSD,10.06
COMPTUSD,45.42
COMPTRY,1258
XECTRY,0.0006936
QUICKTUSD,0.04451
WLDUSDT,1.563
WLDBTC,0.00005641
BNBFDUSD,213.1
FDUSDBUSD,0.9998
FDUSDUSDT,0.9997
ARKMRUB,42.44
WLDTRY,43.34
WLDRUB,156.6
AMPTRY,0.04509
OGNTRY,3.36
BTCFDUSD,27701.75
ETHFDUSD,1645.5
ASRTRY,60.73
ATMTRY,65.67
ACMTRY,49.51
BARTRY,61.32
JUVTRY,54.98
PSGTRY,83.61
SEIBNB,0.0005484
SEIBTC,0.00000421
SEIFDUSD,0.1168
SEITRY,3.242
SEIUSDT,0.1169
CYBERBNB,0.02319
CYBERBTC,0.00017779
CYBERFDUSD,4.938
CYBERTRY,136.83
CYBERUSDT,4.939
CYBERTUSD,4.942
SEITUSD,0.117
LPTTRY,164.1
UNITRY,119.4
SOLFDUSD,23.37
TOMOTRY,38.47
UNFITRY,187.2
XRPFDUSD,0.5279
DOGEFDUSD,0.06118
CYBERETH,0.00297
MTLTRY,34.59
ARKUSDT,0.4629
CREAMUSDT,18.03
GFTUSDT,0.0198
IQUSDT,0.00469
USDTVAI,1.004
